уақыт,өңір,өңір_код,температура,тұздылық,pH,кіру_қысымы,су_деңгейі,шығыс_қысымы,аномалия,аномалия_түрі,әдіс,фильтр_тиімділігі,мембрана_жасы,техникалық_жағдай,зауыт_сыйымдылығы,энергия_шығыны,операциялық_шығын
2024-07-01 00:00,Қызылорда,1,27.37,6682.87,7.23,4.75,80.21,10.0,0,none,кері осмос,0.82,306,0,3000,5.0,0.56
2024-07-01 00:30,Атырау,3,29.8,9093.32,6.96,4.35,30.47,10.0,0,none,кері осмос,0.92,273,0,4000,5.0,0.56
2024-07-01 01:00,Түркістан,8,23.9,5989.62,7.07,3.96,97.05,10.0,0,none,кері осмос,0.85,64,0,3000,5.0,0.55
2024-07-01 01:30,Маңғыстау,0,31.3,9617.49,7.85,5.57,64.37,10.0,0,none,кері осмос,0.89,300,0,5000,5.0,0.56
2024-07-01 02:00,Павлодар,9,11.43,2973.62,7.6,4.81,24.74,4.86,0,none,кері осмос,0.87,94,1,1500,5.0,0.7
2024-07-01 02:30,Түркістан,8,25.99,5529.93,7.46,5.11,73.97,10.0,0,none,кері осмос,0.86,70,0,3000,5.0,0.55
2024-07-01 03:00,Солтүстік Қазақстан,4,7.72,2731.36,6.95,5.36,94.53,3.98,0,none,нанофильтрация,0.87,642,0,800,5.0,0.57
2024-07-01 03:30,Алматы,2,15.01,2891.67,7.1,4.8,32.39,5.32,0,none,нанофильтрация,0.84,270,0,1000,5.0,0.56
2024-07-01 04:00,Алматы,2,15.24,3336.74,7.11,3.77,49.96,5.97,0,none,нанофильтрация,0.9,57,0,1000,5.0,0.55
2024-07-01 04:30,Қызылорда,1,26.51,7224.18,7.01,3.72,54.84,10.0,0,none,кері осмос,0.87,312,0,3000,5.0,0.56
2024-07-01 05:00,Жамбыл,5,16.12,2256.89,7.41,4.14,54.22,3.61,0,none,нанофильтрация,0.87,403,0,2000,5.0,0.56
2024-07-01 05:30,Ақтөбе,7,12.3,4858.24,6.95,5.71,81.73,8.97,1,pressure_spike,нанофильтрация,0.9,642,0,1800,5.0,0.57
2024-07-01 06:00,Шымкент,6,22.03,5386.65,7.11,3.98,51.57,10.0,0,none,кері осмос,0.87,445,0,2500,5.0,0.56
2024-07-01 06:30,Павлодар,9,12.84,2836.48,7.25,5.76,59.09,4.73,0,none,нанофильтрация,0.86,540,0,1500,5.0,0.56
2024-07-01 07:00,Атырау,3,28.17,9409.79,6.87,3.1,61.37,10.0,0,none,нанофильтрация,0.8,669,0,4000,5.0,0.57
2024-07-01 07:30,Атырау,3,37.5,9905.87,7.07,5.69,39.45,10.0,1,pressure_spike,нанофильтрация,0.89,173,0,4000,5.0,0.55
2024-07-01 08:00,Атырау,3,26.58,8485.98,7.42,5.67,42.66,10.0,0,none,нанофильтрация,0.88,616,0,4000,5.0,0.57
2024-07-01 08:30,Ақтөбе,7,24.61,4761.61,7.38,4.35,57.14,9.29,0,none,нанофильтрация,0.75,192,0,1800,5.0,0.56
2024-07-01 09:00,Жамбыл,5,22.03,4545.16,6.97,5.37,68.26,9.27,0,none,кері осмос,0.89,489,0,2000,5.0,0.56
2024-07-01 09:30,Қызылорда,1,33.03,7782.23,7.09,4.87,57.18,10.0,0,none,нанофильтрация,0.89,306,0,3000,5.0,0.56
2024-07-01 10:00,Атырау,3,28.32,8772.19,7.34,4.54,57.25,10.0,0,none,кері осмос,0.84,210,0,4000,5.0,0.56
2024-07-01 10:30,Түркістан,8,27.56,5991.86,6.46,4.26,81.93,10.0,0,none,кері осмос,0.83,352,0,3000,5.0,0.56
2024-07-01 11:00,Маңғыстау,0,44.83,10384.93,6.64,4.82,71.22,10.0,0,none,кері осмос,0.9,205,0,5000,5.0,0.56
2024-07-01 11:30,Жамбыл,5,22.36,2834.91,7.07,4.68,48.88,4.73,0,none,кері осмос,0.84,500,0,2000,5.0,0.56
2024-07-01 12:00,Павлодар,9,21.44,2701.95,7.16,4.13,71.91,4.97,0,none,нанофильтрация,0.75,293,0,1500,5.0,0.56
2024-07-01 12:30,Ақтөбе,7,14.71,3337.48,7.28,3.91,102.88,5.13,0,none,нанофильтрация,0.88,685,0,1800,5.0,0.57
2024-07-01 13:00,Ақтөбе,7,31.9,3833.3,6.75,3.81,93.23,7.52,0,none,кері осмос,0.83,125,0,1800,5.0,0.55
2024-07-01 13:30,Түркістан,8,30.76,7109.84,7.75,5.43,29.61,10.0,0,none,кері осмос,0.83,685,0,3000,5.0,0.57
2024-07-01 14:00,Шымкент,6,25.84,4931.61,7.02,4.01,81.94,9.32,0,none,нанофильтрация,0.95,551,0,2500,5.0,0.57
2024-07-01 14:30,Атырау,3,28.26,9664.77,7.01,5.18,98.67,10.0,0,none,нанофильтрация,0.87,45,0,4000,5.0,0.55
2024-07-01 15:00,Ақтөбе,7,27.72,4168.11,7.43,5.93,35.24,7.51,0,none,кері осмос,0.95,642,0,1800,5.0,0.57
2024-07-01 15:30,Қызылорда,1,29.51,7986.38,6.82,3.87,51.63,10.0,0,none,кері осмос,0.84,64,0,3000,5.0,0.55
2024-07-01 16:00,Шымкент,6,37.63,4357.06,6.98,6.26,59.2,8.99,0,none,нанофильтрация,0.88,405,0,2500,5.0,0.56
2024-07-01 16:30,Павлодар,9,14.55,3776.05,7.47,5.05,59.58,7.22,0,none,нанофильтрация,0.86,125,0,1500,5.0,0.55
2024-07-01 17:00,Түркістан,8,35.83,7133.29,7.12,5.11,53.79,10.0,0,none,нанофильтрация,0.87,413,0,3000,5.0,0.56
2024-07-01 17:30,Қызылорда,1,24.56,7341.43,7.44,6.43,53.15,10.0,0,none,нанофильтрация,0.86,722,0,3000,5.0,0.57
2024-07-01 18:00,Солтүстік Қазақстан,4,15.95,1664.54,7.57,5.05,87.16,2.55,0,none,нанофильтрация,0.83,663,0,800,5.0,0.57
2024-07-01 18:30,Солтүстік Қазақстан,4,18.46,1897.41,7.41,4.33,25.13,3.17,0,none,нанофильтрация,0.9,281,0,800,5.0,0.56
2024-07-01 19:00,Солтүстік Қазақстан,4,15.64,1668.61,7.33,3.89,59.04,2.7,0,none,нанофильтрация,0.91,377,0,800,5.0,0.56
2024-07-01 19:30,Түркістан,8,37.77,5843.52,7.23,4.51,61.95,10.0,0,none,нанофильтрация,0.81,561,0,3000,5.0,0.57
2024-07-01 20:00,Солтүстік Қазақстан,4,13.3,2712.05,7.08,4.37,47.99,4.38,0,none,нанофильтрация,0.83,151,0,800,5.0,0.55
2024-07-01 20:30,Атырау,3,34.92,9034.55,6.46,4.83,71.43,10.0,0,none,кері осмос,0.9,587,0,4000,5.0,0.57
2024-07-01 21:00,Түркістан,8,32.88,10277.48,7.45,4.22,36.6,10.0,1,high_salinity,нанофильтрация,0.84,268,0,3000,5.0,0.56
2024-07-01 21:30,Маңғыстау,0,42.32,10298.15,6.95,5.61,28.11,10.0,0,none,кері осмос,0.82,547,0,5000,5.0,0.56
2024-07-01 22:00,Қызылорда,1,38.52,8307.69,7.25,3.92,87.12,10.0,0,none,нанофильтрация,0.81,30,0,3000,5.0,0.55
2024-07-01 22:30,Солтүстік Қазақстан,4,20.09,2171.3,6.85,5.65,66.65,3.75,0,none,кері осмос,0.81,703,0,800,5.0,0.57
2024-07-01 23:00,Павлодар,9,24.33,3498.23,7.66,2.15,46.9,6.62,0,none,нанофильтрация,0.88,104,0,1500,3.88,0.44
2024-07-01 23:30,Ақтөбе,7,20.84,3044.76,7.54,7.93,64.0,5.27,1,pressure_spike,нанофильтрация,0.74,364,0,1800,5.0,0.56
2024-07-02 00:00,Түркістан,8,28.81,6346.28,7.27,5.51,31.18,10.0,0,none,нанофильтрация,0.84,692,0,3000,5.0,0.57
2024-07-02 00:30,Ақтөбе,7,17.91,4392.6,7.21,5.36,40.29,7.99,0,none,нанофильтрация,0.88,663,0,1800,5.0,0.57
2024-07-02 01:00,Түркістан,8,26.91,6380.51,7.0,2.57,70.26,10.0,0,none,нанофильтрация,0.79,278,0,3000,4.91,0.55
2024-07-02 01:30,Атырау,3,25.67,10534.08,7.03,4.53,75.99,10.0,0,none,нанофильтрация,0.85,555,0,4000,5.0,0.57
2024-07-02 02:00,Атырау,3,35.71,9695.93,7.11,7.27,82.39,10.0,0,none,нанофильтрация,0.84,44,0,4000,5.0,0.55
2024-07-02 02:30,Жамбыл,5,25.59,4195.7,6.76,4.69,53.0,7.87,0,none,нанофильтрация,0.74,423,0,2000,5.0,0.56
2024-07-02 03:00,Қызылорда,1,30.13,8263.87,7.23,3.57,56.19,10.0,0,none,кері осмос,0.81,311,0,3000,5.0,0.56
2024-07-02 03:30,Маңғыстау,0,31.62,9367.2,6.84,3.37,83.78,10.0,0,none,кері осмос,0.85,475,0,5000,5.0,0.56
2024-07-02 04:00,Атырау,3,29.98,9584.15,6.99,4.71,65.47,10.0,0,none,кері осмос,0.81,603,0,4000,5.0,0.57
2024-07-02 04:30,Маңғыстау,0,30.76,11321.77,6.75,5.01,44.73,10.0,0,none,кері осмос,0.76,254,0,5000,5.0,0.56
2024-07-02 05:00,Жамбыл,5,29.05,3857.77,6.98,4.32,69.54,7.93,0,none,кері осмос,0.76,39,0,2000,5.0,0.55
2024-07-02 05:30,Ақтөбе,7,24.69,4237.8,7.95,3.96,55.74,7.84,0,none,кері осмос,0.86,610,0,1800,5.0,0.57
2024-07-02 06:00,Павлодар,9,11.62,3301.95,7.22,5.55,65.09,5.65,0,none,нанофильтрация,0.87,299,0,1500,5.0,0.56
2024-07-02 06:30,Ақтөбе,7,17.71,4375.23,7.45,4.72,76.4,7.4,0,none,нанофильтрация,0.76,431,0,1800,5.0,0.56
2024-07-02 07:00,Қызылорда,1,30.87,7980.96,6.83,3.08,60.32,10.0,0,none,нанофильтрация,0.84,645,0,3000,5.0,0.57
2024-07-02 07:30,Шымкент,6,27.66,5959.49,7.44,5.48,94.12,10.0,0,none,кері осмос,0.85,449,0,2500,5.0,0.56
2024-07-02 08:00,Қызылорда,1,36.24,7138.73,6.99,4.45,96.82,10.0,0,none,кері осмос,0.83,188,0,3000,5.0,0.56
2024-07-02 08:30,Қызылорда,1,31.54,6789.82,6.82,7.18,88.29,10.0,0,none,кері осмос,0.83,440,0,3000,5.0,0.56
2024-07-02 09:00,Ақтөбе,7,18.04,3464.97,7.11,4.65,76.71,5.6,0,none,кері осмос,0.81,331,0,1800,5.0,0.56
2024-07-02 09:30,Ақтөбе,7,27.52,6779.06,6.98,4.68,47.95,10.0,1,high_salinity,кері осмос,0.92,80,0,1800,5.0,0.55
2024-07-02 10:00,Ақтөбе,7,15.26,4133.43,7.56,2.98,90.59,7.09,0,none,нанофильтрация,0.84,465,0,1800,5.0,0.56
2024-07-02 10:30,Қызылорда,1,30.05,7497.66,6.63,2.0,63.23,10.0,1,membrane_fouling,кері осмос,0.64,208,0,3000,5.0,0.56
2024-07-02 11:00,Маңғыстау,0,32.72,17888.19,6.81,4.9,60.28,10.0,1,high_salinity,нанофильтрация,0.95,371,0,5000,5.0,0.56
2024-07-02 11:30,Атырау,3,26.14,9385.53,6.79,5.11,57.7,10.0,0,none,кері осмос,0.86,314,0,4000,5.0,0.56
2024-07-02 12:00,Атырау,3,34.99,9974.0,6.7,6.69,98.99,10.0,0,none,нанофильтрация,0.82,673,0,4000,5.0,0.57
2024-07-02 12:30,Алматы,2,23.95,1983.31,7.21,7.88,69.71,3.63,1,pressure_spike,нанофильтрация,0.81,378,0,1000,5.0,0.56
2024-07-02 13:00,Солтүстік Қазақстан,4,20.1,824.9,7.67,5.37,63.45,1.19,0,none,нанофильтрация,0.94,125,0,800,5.0,0.55
2024-07-02 13:30,Солтүстік Қазақстан,4,28.33,2102.19,4.53,3.69,64.62,4.58,1,low_ph,нанофильтрация,0.81,702,0,800,5.0,0.57
2024-07-02 14:00,Түркістан,8,33.16,5605.1,6.93,5.68,24.94,10.0,0,none,нанофильтрация,0.89,285,0,3000,5.0,0.56
2024-07-02 14:30,Атырау,3,44.12,9023.05,4.98,4.86,59.25,10.0,1,low_ph,кері осмос,0.91,157,0,4000,5.0,0.55
2024-07-02 15:00,Павлодар,9,24.98,2434.99,7.16,3.6,97.08,4.76,0,none,нанофильтрация,0.91,175,0,1500,5.0,0.55
2024-07-02 15:30,Жамбыл,5,22.14,4665.49,7.19,2.18,48.77,9.07,0,none,кері осмос,0.87,371,0,2000,5.0,0.56
2024-07-02 16:00,Түркістан,8,37.31,5245.48,6.81,3.94,60.52,10.0,0,none,нанофильтрация,0.88,722,0,3000,5.0,0.57
2024-07-02 16:30,Маңғыстау,0,35.91,9506.0,7.42,3.7,71.48,10.0,0,none,нанофильтрация,0.76,127,0,5000,5.0,0.55
2024-07-02 17:00,Алматы,2,22.18,2620.13,7.21,4.84,39.02,4.66,0,none,кері осмос,0.74,325,0,1000,5.0,0.56
2024-07-02 17:30,Атырау,3,32.39,12598.64,7.24,3.99,72.65,10.0,1,high_salinity,кері осмос,0.9,507,1,4000,5.0,0.71
2024-07-02 18:00,Павлодар,9,27.24,3648.24,7.56,3.72,60.9,7.01,0,none,кері осмос,0.91,514,0,1500,5.0,0.56
2024-07-02 18:30,Павлодар,9,17.79,3629.76,7.38,4.69,65.43,6.66,0,none,кері осмос,0.79,279,0,1500,5.0,0.56
2024-07-02 19:00,Павлодар,9,11.85,4130.08,6.99,5.09,75.83,7.23,1,high_salinity,нанофильтрация,0.85,472,0,1500,5.0,0.56
2024-07-02 19:30,Атырау,3,27.05,9650.62,7.08,4.07,85.12,10.0,0,none,кері осмос,0.81,393,0,4000,5.0,0.56
2024-07-02 20:00,Солтүстік Қазақстан,4,19.91,1937.18,7.84,5.41,56.07,2.46,0,none,нанофильтрация,0.8,575,0,800,5.0,0.57
2024-07-02 20:30,Солтүстік Қазақстан,4,24.9,3574.23,7.67,3.88,49.8,6.27,1,high_salinity,нанофильтрация,0.73,726,0,800,5.0,0.57
2024-07-02 21:00,Қызылорда,1,28.72,8392.64,7.11,4.49,57.31,10.0,0,none,кері осмос,0.89,175,0,3000,5.0,0.55
2024-07-02 21:30,Павлодар,9,15.69,3390.53,6.94,5.11,56.69,6.37,0,none,нанофильтрация,0.81,469,0,1500,5.0,0.56
2024-07-02 22:00,Атырау,3,41.82,9291.74,7.04,5.52,53.37,10.0,0,none,кері осмос,0.88,395,0,4000,5.0,0.56
2024-07-02 22:30,Жамбыл,5,21.17,3490.65,7.07,5.57,88.41,6.58,0,none,нанофильтрация,0.82,91,0,2000,5.0,0.55
2024-07-02 23:00,Жамбыл,5,28.59,2502.6,7.04,4.34,24.76,4.69,0,none,кері осмос,0.85,566,0,2000,5.0,0.57
2024-07-02 23:30,Түркістан,8,29.34,5871.02,7.43,3.64,43.18,10.0,0,none,нанофильтрация,0.85,345,0,3000,5.0,0.56
2024-07-03 00:00,Түркістан,8,30.71,6676.8,7.74,4.87,72.76,10.0,0,none,кері осмос,0.91,121,0,3000,5.0,0.55
2024-07-03 00:30,Солтүстік Қазақстан,4,21.07,2279.0,7.63,5.55,87.64,4.03,0,none,нанофильтрация,0.88,36,0,800,5.0,0.55
2024-07-03 01:00,Алматы,2,25.94,2587.78,7.25,3.77,77.25,4.16,0,none,нанофильтрация,0.88,389,0,1000,5.0,0.56
2024-07-03 01:30,Түркістан,8,34.26,7647.95,7.17,4.14,70.76,10.0,0,none,кері осмос,0.85,441,0,3000,5.0,0.56
2024-07-03 02:00,Атырау,3,24.15,9994.18,6.69,4.62,46.0,10.0,0,none,нанофильтрация,0.91,239,0,4000,5.0,0.56
2024-07-03 02:30,Солтүстік Қазақстан,4,19.65,2076.33,7.28,2.67,74.64,3.51,0,none,нанофильтрация,0.9,567,0,800,4.42,0.51
2024-07-03 03:00,Маңғыстау,0,27.74,10403.37,7.33,4.01,77.54,10.0,0,none,кері осмос,0.87,113,0,5000,5.0,0.55
2024-07-03 03:30,Солтүстік Қазақстан,4,22.99,1161.82,7.91,3.54,29.49,1.91,0,none,кері осмос,0.82,416,0,800,5.0,0.56
2024-07-03 04:00,Алматы,2,23.68,2662.26,7.21,4.95,94.42,4.46,0,none,нанофильтрация,0.95,89,0,1000,5.0,0.55
2024-07-03 04:30,Ақтөбе,7,26.42,4374.05,7.36,5.05,41.11,8.86,0,none,нанофильтрация,0.87,722,0,1800,5.0,0.57
2024-07-03 05:00,Маңғыстау,0,30.21,14448.04,7.12,4.9,40.09,10.0,1,high_salinity,кері осмос,0.89,613,0,5000,5.0,0.57
2024-07-03 05:30,Алматы,2,21.2,995.67,7.67,3.52,67.44,1.03,0,none,нанофильтрация,0.87,421,0,1000,5.0,0.56
2024-07-03 06:00,Павлодар,9,10.06,3055.99,7.29,3.17,58.21,4.77,0,none,нанофильтрация,0.91,271,0,1500,5.0,0.56
2024-07-03 06:30,Маңғыстау,0,33.96,10372.6,6.68,4.25,95.95,10.0,0,none,кері осмос,0.88,172,0,5000,5.0,0.55
2024-07-03 07:00,Маңғыстау,0,28.54,11437.19,7.05,4.85,73.63,10.0,0,none,нанофильтрация,0.82,280,0,5000,5.0,0.56
2024-07-03 07:30,Атырау,3,35.16,10535.93,6.95,5.85,93.71,10.0,0,none,кері осмос,0.83,41,0,4000,5.0,0.55
2024-07-03 08:00,Түркістан,8,36.42,6335.39,7.79,6.05,68.73,10.0,0,none,нанофильтрация,0.85,64,0,3000,5.0,0.55
2024-07-03 08:30,Павлодар,9,24.81,3996.99,7.62,4.25,87.69,7.52,1,high_salinity,нанофильтрация,0.89,411,0,1500,5.0,0.56
2024-07-03 09:00,Атырау,3,32.46,9286.76,7.56,5.25,48.54,10.0,1,pressure_spike,нанофильтрация,0.89,297,0,4000,5.0,0.56
2024-07-03 09:30,Алматы,2,26.19,2823.53,7.78,3.11,32.29,5.05,0,none,нанофильтрация,0.92,31,0,1000,5.0,0.55
2024-07-03 10:00,Жамбыл,5,22.2,3755.96,7.57,2.49,64.7,6.84,0,none,нанофильтрация,0.79,57,0,2000,4.45,0.5
2024-07-03 10:30,Атырау,3,38.15,10046.5,6.53,4.25,18.1,10.0,0,none,кері осмос,0.86,390,0,4000,5.0,0.56
2024-07-03 11:00,Қызылорда,1,35.02,7140.81,7.01,4.21,101.53,10.0,0,none,кері осмос,0.87,185,0,3000,5.0,0.56
2024-07-03 11:30,Ақтөбе,7,13.68,5484.68,6.81,5.07,63.82,10.0,0,none,кері осмос,0.81,41,0,1800,5.0,0.55
2024-07-03 12:00,Ақтөбе,7,22.09,2839.45,8.17,3.72,68.07,5.03,0,none,нанофильтрация,0.8,404,0,1800,5.0,0.56
2024-07-03 12:30,Атырау,3,27.65,8863.96,7.29,3.4,58.97,10.0,0,none,кері осмос,0.86,443,0,4000,5.0,0.56
2024-07-03 13:00,Шымкент,6,35.41,5763.32,7.53,5.07,37.14,10.0,0,none,кері осмос,0.93,631,0,2500,5.0,0.57
2024-07-03 13:30,Солтүстік Қазақстан,4,16.73,1183.02,7.25,4.69,47.91,1.96,0,none,нанофильтрация,0.83,639,0,800,5.0,0.57
2024-07-03 14:00,Түркістан,8,39.73,6782.88,7.32,5.66,54.77,10.0,0,none,кері осмос,0.86,630,0,3000,5.0,0.57
2024-07-03 14:30,Солтүстік Қазақстан,4,21.14,2801.82,4.57,2.56,81.27,6.01,1,low_ph,кері осмос,0.95,320,0,800,5.0,0.56
2024-07-03 15:00,Солтүстік Қазақстан,4,22.15,500.54,7.18,4.55,82.52,0.52,0,none,кері осмос,0.83,183,0,800,5.0,0.56
2024-07-03 15:30,Жамбыл,5,25.18,3141.16,6.55,4.02,92.49,5.92,0,none,нанофильтрация,0.87,393,0,2000,5.0,0.56
2024-07-03 16:00,Павлодар,9,29.54,2797.62,7.2,2.98,58.03,4.92,0,none,нанофильтрация,0.8,185,0,1500,5.0,0.56
2024-07-03 16:30,Павлодар,9,25.32,2307.7,7.13,3.07,57.31,3.94,0,none,кері осмос,0.84,380,0,1500,5.0,0.56
2024-07-03 17:00,Шымкент,6,26.91,7619.71,7.37,4.37,75.92,10.0,1,high_salinity,кері осмос,0.87,588,0,2500,5.0,0.57
2024-07-03 17:30,Түркістан,8,26.88,10060.76,7.29,3.33,82.99,10.0,1,high_salinity,нанофильтрация,0.83,613,0,3000,5.0,0.57
2024-07-03 18:00,Атырау,3,37.44,9611.33,7.28,5.03,73.62,10.0,0,none,кері осмос,0.84,610,0,4000,5.0,0.57
2024-07-03 18:30,Жамбыл,5,21.68,4098.28,7.6,5.96,29.26,7.87,0,none,нанофильтрация,0.86,619,0,2000,5.0,0.57
2024-07-03 19:00,Қызылорда,1,34.49,6229.08,6.56,5.44,49.6,10.0,0,none,нанофильтрация,0.77,317,0,3000,5.0,0.56
2024-07-03 19:30,Солтүстік Қазақстан,4,14.39,1423.22,7.35,3.81,64.68,1.6,0,none,нанофильтрация,0.77,259,0,800,5.0,0.56
2024-07-03 20:00,Солтүстік Қазақстан,4,16.22,950.25,6.96,4.49,62.27,0.65,0,none,нанофильтрация,0.89,471,0,800,5.0,0.56
2024-07-03 20:30,Шымкент,6,25.02,4547.6,6.94,4.57,91.67,8.72,0,none,нанофильтрация,0.83,686,0,2500,5.0,0.57
2024-07-03 21:00,Павлодар,9,15.65,2798.02,7.52,3.92,65.47,4.5,0,none,нанофильтрация,0.89,190,0,1500,5.0,0.56
2024-07-03 21:30,Маңғыстау,0,29.07,10364.91,6.9,4.13,36.87,10.0,0,none,кері осмос,0.77,478,0,5000,5.0,0.56
2024-07-03 22:00,Павлодар,9,20.01,3751.79,7.26,4.73,59.97,7.06,0,none,нанофильтрация,0.83,268,0,1500,5.0,0.56
2024-07-03 22:30,Ақтөбе,7,26.49,4508.39,7.75,4.73,52.77,8.18,0,none,нанофильтрация,0.83,555,0,1800,5.0,0.57
2024-07-03 23:00,Ақтөбе,7,26.9,4116.91,5.33,5.48,69.49,8.75,1,low_ph,нанофильтрация,0.85,139,0,1800,5.0,0.55
2024-07-03 23:30,Алматы,2,27.03,2380.63,7.06,4.82,79.02,4.7,0,none,нанофильтрация,0.7,108,0,1000,5.0,0.55
2024-07-04 00:00,Павлодар,9,14.65,3288.68,6.68,3.65,57.12,6.0,0,none,нанофильтрация,0.79,283,0,1500,5.0,0.56
2024-07-04 00:30,Атырау,3,32.6,8412.41,6.89,3.96,92.79,10.0,0,none,кері осмос,0.85,85,0,4000,5.0,0.55
2024-07-04 01:00,Атырау,3,24.27,8924.52,7.3,4.99,41.55,10.0,0,none,кері осмос,0.93,581,0,4000,5.0,0.57
2024-07-04 01:30,Ақтөбе,7,23.48,4647.46,6.45,5.34,32.66,8.69,0,none,нанофильтрация,0.84,548,0,1800,5.0,0.57
2024-07-04 02:00,Ақтөбе,7,18.74,3960.4,6.93,4.85,87.35,7.58,0,none,нанофильтрация,0.8,94,0,1800,5.0,0.55
2024-07-04 02:30,Атырау,3,26.38,9995.71,6.58,3.81,59.8,10.0,0,none,нанофильтрация,0.95,212,0,4000,5.0,0.56
2024-07-04 03:00,Шымкент,6,35.21,5707.14,7.27,4.95,57.67,10.0,0,none,кері осмос,0.87,159,0,2500,5.0,0.55
2024-07-04 03:30,Маңғыстау,0,26.65,10057.25,6.97,5.33,88.21,10.0,0,none,нанофильтрация,0.91,229,0,5000,5.0,0.56
2024-07-04 04:00,Қызылорда,1,36.0,6987.4,7.1,5.48,71.51,10.0,0,none,нанофильтрация,0.73,395,0,3000,5.0,0.56
2024-07-04 04:30,Түркістан,8,28.01,7066.72,7.49,4.67,57.48,10.0,0,none,кері осмос,0.81,652,0,3000,5.0,0.57
2024-07-04 05:00,Қызылорда,1,27.49,7156.39,7.04,5.7,71.12,10.0,0,none,кері осмос,0.87,219,0,3000,5.0,0.56
2024-07-04 05:30,Түркістан,8,29.06,6127.7,7.14,3.59,60.82,10.0,0,none,нанофильтрация,0.89,317,0,3000,5.0,0.56
2024-07-04 06:00,Ақтөбе,7,31.56,3743.13,6.87,2.94,21.04,7.31,0,none,нанофильтрация,0.88,443,0,1800,5.0,0.56
2024-07-04 06:30,Түркістан,8,23.22,7575.79,7.32,4.18,66.05,10.0,0,none,кері осмос,0.77,178,0,3000,5.0,0.55
2024-07-04 07:00,Ақтөбе,7,27.57,4497.73,7.57,4.66,34.06,8.43,0,none,нанофильтрация,0.87,312,0,1800,5.0,0.56
2024-07-04 07:30,Ақтөбе,7,19.85,4076.16,7.68,4.05,73.2,7.57,0,none,нанофильтрация,0.92,659,0,1800,5.0,0.57
2024-07-04 08:00,Солтүстік Қазақстан,4,19.45,1476.57,7.48,4.27,59.61,1.94,0,none,нанофильтрация,0.89,478,0,800,5.0,0.56
2024-07-04 08:30,Атырау,3,36.18,9231.54,7.36,3.73,68.66,10.0,0,none,кері осмос,0.91,95,0,4000,5.0,0.55
2024-07-04 09:00,Солтүстік Қазақстан,4,8.09,1379.06,7.54,4.39,68.39,1.49,0,none,кері осмос,0.81,99,0,800,5.0,0.55
2024-07-04 09:30,Түркістан,8,38.07,6110.22,6.65,5.81,93.62,10.0,0,none,кері осмос,0.81,434,0,3000,5.0,0.56
2024-07-04 10:00,Шымкент,6,28.75,5688.29,7.1,6.11,61.62,10.0,0,none,нанофильтрация,0.84,529,0,2500,5.0,0.56
2024-07-04 10:30,Қызылорда,1,36.68,7923.86,7.32,4.0,43.64,10.0,0,none,кері осмос,0.85,435,0,3000,5.0,0.56
2024-07-04 11:00,Ақтөбе,7,23.41,3557.29,7.17,3.71,75.65,6.51,0,none,нанофильтрация,0.82,505,0,1800,5.0,0.56
2024-07-04 11:30,Шымкент,6,33.72,6212.46,7.05,4.74,82.95,10.0,0,none,кері осмос,0.83,104,0,2500,5.0,0.55
2024-07-04 12:00,Маңғыстау,0,30.81,10780.79,7.47,6.01,74.7,10.0,0,none,нанофильтрация,0.82,78,0,5000,5.0,0.55
2024-07-04 12:30,Шымкент,6,33.62,8629.6,7.22,4.63,50.71,10.0,1,high_salinity,кері осмос,0.83,598,0,2500,5.0,0.57
2024-07-04 13:00,Солтүстік Қазақстан,4,15.71,2063.01,7.25,3.74,41.54,3.75,0,none,нанофильтрация,0.83,234,0,800,5.0,0.56
2024-07-04 13:30,Шымкент,6,24.93,4998.45,7.52,6.33,33.72,9.91,0,none,нанофильтрация,0.8,548,0,2500,5.0,0.57
2024-07-04 14:00,Павлодар,9,21.97,3945.87,7.13,4.99,85.09,7.4,0,none,нанофильтрация,0.87,610,0,1500,5.0,0.57
2024-07-04 14:30,Солтүстік Қазақстан,4,19.35,1036.05,7.38,4.81,43.83,1.21,0,none,нанофильтрация,0.83,207,0,800,5.0,0.56
2024-07-04 15:00,Жамбыл,5,32.62,4074.66,7.25,4.06,32.07,8.08,0,none,нанофильтрация,0.92,206,0,2000,5.0,0.56
2024-07-04 15:30,Алматы,2,24.24,1952.59,7.45,5.31,12.74,3.74,0,none,нанофильтрация,0.8,666,0,1000,5.0,0.57
2024-07-04 16:00,Павлодар,9,13.24,3293.43,7.26,4.49,89.15,5.62,0,none,нанофильтрация,0.89,183,0,1500,5.0,0.56
2024-07-04 16:30,Павлодар,9,15.1,4224.81,7.12,4.96,66.35,7.49,0,none,нанофильтрация,0.85,55,0,1500,5.0,0.55
2024-07-04 17:00,Шымкент,6,27.87,4643.12,6.76,4.03,84.15,8.74,0,none,кері осмос,0.74,456,0,2500,5.0,0.56
2024-07-04 17:30,Маңғыстау,0,41.48,10470.39,7.54,5.47,51.05,10.0,0,none,кері осмос,0.91,267,0,5000,5.0,0.56
2024-07-04 18:00,Ақтөбе,7,28.87,4600.28,7.09,4.26,69.67,8.77,0,none,нанофильтрация,0.82,642,0,1800,5.0,0.57
2024-07-04 18:30,Шымкент,6,36.97,5666.57,4.67,4.01,38.85,10.0,1,low_ph,кері осмос,0.85,699,0,2500,5.0,0.57
2024-07-04 19:00,Шымкент,6,24.24,5119.63,7.12,6.11,64.48,10.0,0,none,кері осмос,0.81,506,0,2500,5.0,0.56
2024-07-04 19:30,Маңғыстау,0,33.34,10789.28,7.19,3.99,61.4,10.0,0,none,нанофильтрация,0.9,306,0,5000,5.0,0.56
2024-07-04 20:00,Жамбыл,5,25.14,3999.52,7.37,4.9,35.72,7.13,0,none,кері осмос,0.95,302,0,2000,5.0,0.56
2024-07-04 20:30,Маңғыстау,0,38.78,14299.82,7.1,3.79,83.89,10.0,1,high_salinity,нанофильтрация,0.79,185,0,5000,5.0,0.56
2024-07-04 21:00,Атырау,3,28.66,8993.38,6.98,4.05,88.88,10.0,0,none,нанофильтрация,0.87,430,0,4000,5.0,0.56
2024-07-04 21:30,Атырау,3,29.42,10015.82,7.08,5.09,40.67,10.0,0,none,кері осмос,0.86,587,0,4000,5.0,0.57
2024-07-04 22:00,Павлодар,9,15.61,2928.8,7.26,4.8,63.81,5.0,0,none,нанофильтрация,0.89,112,0,1500,5.0,0.55
2024-07-04 22:30,Солтүстік Қазақстан,4,23.11,2380.85,7.32,4.64,100.83,4.34,0,none,нанофильтрация,0.9,662,0,800,5.0,0.57
2024-07-04 23:00,Павлодар,9,9.93,2118.88,7.23,3.05,75.58,2.86,0,none,нанофильтрация,0.9,97,0,1500,5.0,0.55
2024-07-04 23:30,Алматы,2,18.79,2926.63,7.65,4.6,48.84,5.63,0,none,нанофильтрация,0.77,605,0,1000,5.0,0.57
2024-07-05 00:00,Маңғыстау,0,30.29,10312.07,6.53,4.66,94.18,10.0,0,none,нанофильтрация,0.79,688,0,5000,5.0,0.57
2024-07-05 00:30,Шымкент,6,31.63,4432.17,7.71,5.17,61.51,8.37,0,none,кері осмос,0.77,569,0,2500,5.0,0.57
2024-07-05 01:00,Қызылорда,1,29.04,7894.11,7.02,5.23,64.12,10.0,0,none,нанофильтрация,0.84,470,0,3000,5.0,0.56
2024-07-05 01:30,Атырау,3,33.38,9300.14,6.76,3.9,55.9,10.0,0,none,кері осмос,0.85,331,0,4000,5.0,0.56
2024-07-05 02:00,Павлодар,9,11.7,1819.39,6.89,4.06,33.14,2.97,0,none,нанофильтрация,0.82,558,0,1500,5.0,0.57
2024-07-05 02:30,Павлодар,9,23.48,1952.67,7.89,4.45,45.83,3.33,0,none,нанофильтрация,0.77,649,0,1500,5.0,0.57
2024-07-05 03:00,Шымкент,6,24.16,4381.09,7.53,5.12,68.39,8.48,0,none,нанофильтрация,0.83,353,0,2500,5.0,0.56
2024-07-05 03:30,Жамбыл,5,18.06,3418.51,7.72,4.06,70.24,6.09,0,none,кері осмос,0.84,134,0,2000,5.0,0.55
2024-07-05 04:00,Ақтөбе,7,21.04,3919.25,4.51,5.7,75.24,8.11,1,low_ph,кері осмос,0.91,379,0,1800,5.0,0.56
2024-07-05 04:30,Ақтөбе,7,20.72,3712.66,7.09,4.58,63.2,7.22,0,none,нанофильтрация,0.8,252,0,1800,5.0,0.56
2024-07-05 05:00,Түркістан,8,27.87,6398.64,6.9,4.74,81.02,10.0,0,none,нанофильтрация,0.82,224,0,3000,5.0,0.56
2024-07-05 05:30,Түркістан,8,26.42,6836.48,6.58,5.55,91.71,10.0,0,none,нанофильтрация,0.89,708,0,3000,5.0,0.57
2024-07-05 06:00,Павлодар,9,8.9,3386.59,6.63,5.65,50.03,6.02,0,none,кері осмос,0.81,605,0,1500,5.0,0.57
2024-07-05 06:30,Қызылорда,1,39.8,6994.52,7.69,4.08,59.08,10.0,0,none,кері осмос,0.79,405,0,3000,5.0,0.56
2024-07-05 07:00,Ақтөбе,7,14.99,3039.62,6.84,3.75,51.13,5.31,0,none,нанофильтрация,0.8,151,0,1800,5.0,0.55
2024-07-05 07:30,Жамбыл,5,33.1,3987.39,7.59,4.83,57.85,8.66,0,none,кері осмос,0.87,138,0,2000,5.0,0.55
2024-07-05 08:00,Алматы,2,15.86,2843.89,7.14,5.46,50.65,5.2,0,none,нанофильтрация,0.81,370,0,1000,5.0,0.56
2024-07-05 08:30,Солтүстік Қазақстан,4,18.45,2298.75,7.26,3.5,55.89,3.54,0,none,нанофильтрация,0.95,464,0,800,5.0,0.56
2024-07-05 09:00,Солтүстік Қазақстан,4,13.86,1736.12,7.76,3.88,69.1,2.61,0,none,нанофильтрация,0.87,688,0,800,5.0,0.57
2024-07-05 09:30,Атырау,3,31.01,10287.14,6.82,4.46,66.54,10.0,0,none,кері осмос,0.93,546,0,4000,5.0,0.56
2024-07-05 10:00,Ақтөбе,7,31.88,4025.23,6.89,4.49,67.81,8.33,0,none,нанофильтрация,0.86,257,0,1800,5.0,0.56
2024-07-05 10:30,Ақтөбе,7,20.73,3664.84,6.61,7.32,81.12,7.68,0,none,нанофильтрация,0.86,111,0,1800,5.0,0.55
2024-07-05 11:00,Маңғыстау,0,41.71,10447.84,6.98,3.25,79.26,10.0,0,none,кері осмос,0.81,352,0,5000,5.0,0.56
2024-07-05 11:30,Атырау,3,40.75,9465.37,7.02,4.15,82.48,10.0,0,none,кері осмос,0.9,595,0,4000,5.0,0.57
2024-07-05 12:00,Ақтөбе,7,29.4,4828.56,6.95,5.8,62.82,9.17,0,none,нанофильтрация,0.91,578,1,1800,5.0,0.72
2024-07-05 12:30,Түркістан,8,34.9,6437.14,7.08,3.71,40.8,10.0,0,none,кері осмос,0.9,289,0,3000,5.0,0.56
2024-07-05 13:00,Солтүстік Қазақстан,4,13.0,713.83,7.44,4.5,43.66,0.79,0,none,нанофильтрация,0.88,217,0,800,5.0,0.56
2024-07-05 13:30,Атырау,3,31.59,10091.43,6.91,5.42,44.22,10.0,0,none,кері осмос,0.83,596,0,4000,5.0,0.57
2024-07-05 14:00,Алматы,2,19.84,2497.34,7.31,3.01,84.06,4.31,0,none,нанофильтрация,0.81,366,0,1000,5.0,0.56
2024-07-05 14:30,Солтүстік Қазақстан,4,25.79,2503.9,7.92,9.3,10.0,4.63,1,pressure_spike,нанофильтрация,0.94,82,0,800,5.0,0.55
2024-07-05 15:00,Түркістан,8,39.18,6334.66,6.62,5.81,51.81,10.0,1,pressure_spike,нанофильтрация,0.82,590,0,3000,5.0,0.57
2024-07-05 15:30,Атырау,3,32.69,9359.23,6.93,4.64,76.5,10.0,0,none,кері осмос,0.81,186,0,4000,5.0,0.56
2024-07-05 16:00,Солтүстік Қазақстан,4,21.17,1974.59,7.64,2.81,36.22,3.25,0,none,кері осмос,0.86,430,0,800,5.0,0.56
2024-07-05 16:30,Солтүстік Қазақстан,4,22.39,1769.43,7.49,3.77,63.83,2.55,0,none,кері осмос,0.85,552,0,800,5.0,0.57
2024-07-05 17:00,Солтүстік Қазақстан,4,9.9,2219.46,7.67,4.37,51.0,3.45,0,none,нанофильтрация,0.85,582,0,800,5.0,0.57
2024-07-05 17:30,Ақтөбе,7,28.42,3599.7,7.32,3.31,92.43,7.06,0,none,кері осмос,0.82,678,0,1800,5.0,0.57
2024-07-05 18:00,Солтүстік Қазақстан,4,11.88,2432.56,7.78,3.83,51.64,4.01,0,none,нанофильтрация,0.91,57,0,800,5.0,0.55
2024-07-05 18:30,Алматы,2,20.96,2246.05,7.07,4.64,62.27,3.49,0,none,нанофильтрация,0.83,78,0,1000,5.0,0.55
2024-07-05 19:00,Ақтөбе,7,29.71,3962.84,6.94,2.19,56.18,7.76,0,none,кері осмос,0.95,565,0,1800,5.0,0.57
2024-07-05 19:30,Ақтөбе,7,22.1,3769.45,6.99,3.85,44.74,6.93,0,none,кері осмос,0.86,204,0,1800,5.0,0.56
2024-07-05 20:00,Маңғыстау,0,28.3,10938.51,6.74,2.55,65.11,10.0,0,none,кері осмос,0.9,676,0,5000,5.0,0.57
2024-07-05 20:30,Солтүстік Қазақстан,4,22.94,3016.16,6.81,5.21,50.56,5.46,0,none,кері осмос,0.83,645,0,800,5.0,0.57
2024-07-05 21:00,Түркістан,8,31.23,6244.49,7.65,4.52,64.61,10.0,0,none,нанофильтрация,0.79,521,0,3000,5.0,0.56
2024-07-05 21:30,Павлодар,9,27.63,2686.36,7.56,4.55,68.77,5.4,0,none,кері осмос,0.8,78,0,1500,5.0,0.55
2024-07-05 22:00,Ақтөбе,7,23.78,4199.4,7.12,4.9,63.97,8.02,0,none,нанофильтрация,0.77,277,0,1800,5.0,0.56
2024-07-05 22:30,Павлодар,9,12.84,3600.74,7.86,4.51,56.2,5.72,0,none,нанофильтрация,0.83,627,0,1500,5.0,0.57
2024-07-05 23:00,Павлодар,9,17.17,3902.32,5.35,5.36,59.1,7.76,1,low_ph,кері осмос,0.81,360,0,1500,5.0,0.56
2024-07-05 23:30,Қызылорда,1,27.41,7549.11,7.71,3.27,63.79,10.0,0,none,нанофильтрация,0.82,183,1,3000,5.0,0.71
2024-07-06 00:00,Атырау,3,29.04,8848.02,7.52,5.44,53.64,10.0,0,none,кері осмос,0.81,635,0,4000,5.0,0.57
2024-07-06 00:30,Атырау,3,32.61,9633.44,7.01,5.91,72.37,10.0,0,none,кері осмос,0.84,284,0,4000,5.0,0.56
2024-07-06 01:00,Маңғыстау,0,40.42,10067.97,7.08,4.11,58.68,10.0,0,none,кері осмос,0.95,39,0,5000,5.0,0.55
2024-07-06 01:30,Ақтөбе,7,21.25,4469.02,7.9,4.22,58.31,8.35,0,none,нанофильтрация,0.82,46,0,1800,5.0,0.55
2024-07-06 02:00,Солтүстік Қазақстан,4,12.45,1123.3,7.57,4.51,40.92,1.42,0,none,нанофильтрация,0.83,609,0,800,5.0,0.57
2024-07-06 02:30,Атырау,3,31.78,8411.46,6.82,5.36,75.59,10.0,0,none,нанофильтрация,0.84,356,0,4000,5.0,0.56
2024-07-06 03:00,Павлодар,9,22.46,4430.8,7.56,3.91,44.15,7.69,1,high_salinity,нанофильтрация,0.89,587,0,1500,5.0,0.57
2024-07-06 03:30,Шымкент,6,35.22,5219.37,7.05,5.36,80.74,10.0,0,none,кері осмос,0.89,33,0,2500,5.0,0.55
2024-07-06 04:00,Алматы,2,15.8,2147.49,7.29,4.81,50.26,3.5,0,none,нанофильтрация,0.82,679,0,1000,5.0,0.57
2024-07-06 04:30,Қызылорда,1,21.88,7252.48,6.93,3.63,76.24,10.0,0,none,кері осмос,0.92,198,0,3000,5.0,0.56
2024-07-06 05:00,Павлодар,9,12.51,3768.16,7.42,4.09,37.29,6.03,0,none,нанофильтрация,0.92,301,0,1500,5.0,0.56
2024-07-06 05:30,Солтүстік Қазақстан,4,9.01,2079.86,7.44,5.76,73.01,3.22,0,none,нанофильтрация,0.77,465,0,800,5.0,0.56
2024-07-06 06:00,Солтүстік Қазақстан,4,22.05,2361.78,7.51,4.46,68.97,4.0,1,high_salinity,нанофильтрация,0.83,452,0,800,5.0,0.56
2024-07-06 06:30,Түркістан,8,37.65,6904.5,7.38,3.94,48.83,10.0,0,none,кері осмос,0.79,291,0,3000,5.0,0.56
2024-07-06 07:00,Павлодар,9,16.71,2121.73,7.46,5.66,10.0,3.49,0,none,кері осмос,0.89,398,0,1500,5.0,0.56
2024-07-06 07:30,Жамбыл,5,29.98,3635.78,7.31,5.69,96.38,7.21,0,none,нанофильтрация,0.85,419,0,2000,5.0,0.56
2024-07-06 08:00,Атырау,3,36.51,8456.51,7.37,4.51,87.06,10.0,0,none,нанофильтрация,0.84,404,0,4000,5.0,0.56
2024-07-06 08:30,Павлодар,9,13.75,2866.14,6.98,3.28,29.55,4.36,0,none,нанофильтрация,0.91,598,0,1500,5.0,0.57
2024-07-06 09:00,Солтүстік Қазақстан,4,14.41,1702.49,7.15,4.04,64.23,2.18,0,none,нанофильтрация,0.82,318,0,800,5.0,0.56
2024-07-06 09:30,Алматы,2,16.38,3319.1,7.72,4.05,54.11,5.84,0,none,нанофильтрация,0.82,367,0,1000,5.0,0.56
2024-07-06 10:00,Солтүстік Қазақстан,4,9.86,2082.9,7.33,3.3,64.79,3.07,0,none,кері осмос,0.78,718,0,800,5.0,0.57
2024-07-06 10:30,Ақтөбе,7,22.66,3702.33,6.98,3.6,64.15,6.7,0,none,нанофильтрация,0.85,468,0,1800,5.0,0.56
2024-07-06 11:00,Шымкент,6,32.98,5999.15,7.53,5.57,80.27,10.0,0,none,кері осмос,0.77,129,0,2500,5.0,0.55
2024-07-06 11:30,Алматы,2,23.41,1845.81,6.89,5.79,62.84,3.34,0,none,нанофильтрация,0.82,330,0,1000,5.0,0.56
2024-07-06 12:00,Солтүстік Қазақстан,4,25.24,2524.61,7.2,5.01,39.61,4.65,0,none,нанофильтрация,0.85,448,0,800,5.0,0.56
2024-07-06 12:30,Түркістан,8,31.72,6528.28,7.22,3.13,84.39,10.0,0,none,кері осмос,0.9,522,0,3000,5.0,0.56
2024-07-06 13:00,Солтүстік Қазақстан,4,24.3,1430.84,7.08,10.06,53.98,3.32,1,pressure_spike,нанофильтрация,0.93,367,0,800,5.0,0.56
2024-07-06 13:30,Шымкент,6,33.87,5635.55,7.45,3.88,66.61,10.0,0,none,нанофильтрация,0.73,632,0,2500,5.0,0.57
2024-07-06 14:00,Маңғыстау,0,46.65,10993.79,7.67,3.79,32.38,10.0,0,none,кері осмос,0.87,597,0,5000,5.0,0.57
2024-07-06 14:30,Шымкент,6,36.76,4957.75,7.2,5.64,36.93,9.94,0,none,кері осмос,0.86,364,0,2500,5.0,0.56
2024-07-06 15:00,Павлодар,9,19.88,2835.77,7.29,5.21,59.67,5.03,0,none,нанофильтрация,0.86,150,0,1500,5.0,0.55
2024-07-06 15:30,Маңғыстау,0,32.2,10182.14,7.16,3.57,62.71,10.0,0,none,кері осмос,0.86,625,0,5000,5.0,0.57
2024-07-06 16:00,Солтүстік Қазақстан,4,20.96,2364.48,7.05,4.06,71.39,4.3,0,none,нанофильтрация,0.88,651,0,800,5.0,0.57
2024-07-06 16:30,Қызылорда,1,40.9,7355.42,7.04,3.73,63.5,10.0,0,none,кері осмос,0.95,691,0,3000,5.0,0.57
2024-07-06 17:00,Атырау,3,30.86,7931.62,6.77,2.41,38.69,10.0,0,none,нанофильтрация,0.81,653,0,4000,4.65,0.53
2024-07-06 17:30,Маңғыстау,0,36.75,10901.07,6.88,4.88,44.41,10.0,0,none,кері осмос,0.84,703,0,5000,5.0,0.57
2024-07-06 18:00,Қызылорда,1,23.98,6523.43,6.97,5.42,101.77,10.0,0,none,кері осмос,0.77,48,0,3000,5.0,0.55
2024-07-06 18:30,Алматы,2,16.46,2139.35,7.47,2.74,52.82,3.03,0,none,нанофильтрация,0.85,268,0,1000,4.87,0.54
2024-07-06 19:00,Түркістан,8,28.73,6610.09,6.89,4.07,34.31,10.0,0,none,нанофильтрация,0.84,132,0,3000,5.0,0.55
2024-07-06 19:30,Ақтөбе,7,24.21,3641.0,7.69,5.4,65.61,6.83,0,none,нанофильтрация,0.94,122,0,1800,5.0,0.55
2024-07-06 20:00,Түркістан,8,28.67,6206.65,7.58,4.8,54.05,10.0,0,none,кері осмос,0.85,722,0,3000,5.0,0.57
2024-07-06 20:30,Павлодар,9,8.84,2846.17,6.88,4.42,73.27,4.69,0,none,нанофильтрация,0.87,145,0,1500,5.0,0.55
2024-07-06 21:00,Қызылорда,1,36.66,6224.07,7.34,3.93,36.21,10.0,0,none,кері осмос,0.82,603,0,3000,5.0,0.57
2024-07-06 21:30,Шымкент,6,28.0,5022.05,7.14,5.09,66.31,9.87,0,none,кері осмос,0.87,377,0,2500,5.0,0.56
2024-07-06 22:00,Солтүстік Қазақстан,4,15.67,2573.93,8.12,5.7,37.41,3.96,0,none,нанофильтрация,0.88,600,0,800,5.0,0.57
2024-07-06 22:30,Солтүстік Қазақстан,4,21.5,1779.28,7.39,4.78,94.0,2.67,0,none,нанофильтрация,0.9,519,0,800,5.0,0.56
2024-07-06 23:00,Ақтөбе,7,22.48,3507.3,7.54,3.93,39.84,6.13,0,none,нанофильтрация,0.81,635,0,1800,5.0,0.57
2024-07-06 23:30,Ақтөбе,7,24.16,4616.27,6.9,4.72,23.64,9.18,0,none,нанофильтрация,0.75,347,0,1800,5.0,0.56
2024-07-07 00:00,Түркістан,8,25.49,11018.48,7.31,3.44,42.1,10.0,1,high_salinity,кері осмос,0.88,615,0,3000,5.0,0.57
2024-07-07 00:30,Атырау,3,26.19,9805.73,7.09,4.02,39.83,10.0,0,none,нанофильтрация,0.75,706,0,4000,5.0,0.57
2024-07-07 01:00,Шымкент,6,19.78,4358.79,7.58,5.1,54.15,8.29,0,none,кері осмос,0.83,211,0,2500,5.0,0.56
2024-07-07 01:30,Маңғыстау,0,26.1,10975.11,7.7,3.44,38.47,10.0,0,none,кері осмос,0.79,488,0,5000,5.0,0.56
2024-07-07 02:00,Шымкент,6,25.26,4379.22,7.43,5.7,72.59,9.05,0,none,кері осмос,0.9,237,0,2500,5.0,0.56
2024-07-07 02:30,Алматы,2,12.18,1564.98,7.74,5.22,43.22,2.32,0,none,нанофильтрация,0.87,694,0,1000,5.0,0.57
2024-07-07 03:00,Түркістан,8,36.8,6570.59,6.51,5.06,77.7,10.0,0,none,нанофильтрация,0.82,218,0,3000,5.0,0.56
2024-07-07 03:30,Қызылорда,1,37.01,8239.0,7.07,3.35,82.26,10.0,0,none,нанофильтрация,0.9,211,0,3000,5.0,0.56
2024-07-07 04:00,Түркістан,8,31.19,6687.73,6.87,6.29,49.38,10.0,0,none,нанофильтрация,0.83,433,0,3000,5.0,0.56
2024-07-07 04:30,Алматы,2,22.66,1219.79,7.42,5.15,83.68,1.42,0,none,нанофильтрация,0.86,467,0,1000,5.0,0.56
2024-07-07 05:00,Алматы,2,11.88,2405.63,7.17,4.68,44.83,4.14,0,none,кері осмос,0.79,74,0,1000,5.0,0.55
2024-07-07 05:30,Солтүстік Қазақстан,4,20.4,2745.21,7.11,3.93,77.33,4.75,0,none,нанофильтрация,0.93,293,0,800,5.0,0.56
2024-07-07 06:00,Қызылорда,1,28.91,6140.88,6.78,5.16,66.31,10.0,0,none,нанофильтрация,0.87,127,0,3000,5.0,0.55
2024-07-07 06:30,Түркістан,8,30.97,5927.08,7.02,4.24,54.88,10.0,0,none,кері осмос,0.84,667,0,3000,5.0,0.57
2024-07-07 07:00,Ақтөбе,7,25.61,3830.77,7.57,3.28,39.94,7.18,0,none,нанофильтрация,0.86,195,0,1800,5.0,0.56
2024-07-07 07:30,Қызылорда,1,32.58,7259.94,7.0,4.77,63.68,10.0,0,none,кері осмос,0.95,267,0,3000,5.0,0.56
2024-07-07 08:00,Солтүстік Қазақстан,4,25.72,2777.43,7.06,3.72,32.33,4.79,0,none,нанофильтрация,0.82,559,0,800,5.0,0.57
2024-07-07 08:30,Шымкент,6,27.28,5321.24,7.55,4.62,36.31,10.0,0,none,нанофильтрация,0.83,111,0,2500,5.0,0.55
2024-07-07 09:00,Қызылорда,1,34.68,6869.12,7.22,4.23,64.84,10.0,0,none,кері осмос,0.81,253,0,3000,5.0,0.56
2024-07-07 09:30,Маңғыстау,0,37.85,9596.94,7.68,4.36,65.91,10.0,0,none,кері осмос,0.77,701,0,5000,5.0,0.57
2024-07-07 10:00,Солтүстік Қазақстан,4,16.83,2358.27,7.25,5.74,97.46,4.43,0,none,нанофильтрация,0.75,35,0,800,5.0,0.55
2024-07-07 10:30,Атырау,3,26.48,10067.08,7.35,4.67,49.38,10.0,0,none,кері осмос,0.87,374,0,4000,5.0,0.56
2024-07-07 11:00,Алматы,2,21.87,3346.36,7.42,5.71,93.23,6.07,0,none,нанофильтрация,0.84,366,0,1000,5.0,0.56
2024-07-07 11:30,Шымкент,6,22.88,4749.23,7.46,4.48,46.88,9.16,0,none,нанофильтрация,0.81,728,0,2500,5.0,0.57
2024-07-07 12:00,Павлодар,9,23.21,4382.4,7.26,4.34,72.15,8.84,0,none,кері осмос,0.84,200,0,1500,5.0,0.56
2024-07-07 12:30,Солтүстік Қазақстан,4,17.19,1184.0,7.58,4.69,70.17,1.78,0,none,нанофильтрация,0.95,500,0,800,5.0,0.56
2024-07-07 13:00,Ақтөбе,7,34.57,3633.57,7.46,4.11,19.06,7.21,0,none,нанофильтрация,0.86,101,0,1800,5.0,0.55
2024-07-07 13:30,Алматы,2,19.4,5355.87,7.29,3.92,36.87,9.93,1,high_salinity,кері осмос,0.88,535,0,1000,5.0,0.56
2024-07-07 14:00,Павлодар,9,12.32,4170.31,5.15,3.87,35.91,7.9,1,low_ph,кері осмос,0.88,697,0,1500,5.0,0.57
2024-07-07 14:30,Солтүстік Қазақстан,4,22.15,1299.91,7.4,6.78,73.54,2.48,0,none,нанофильтрация,0.84,705,0,800,5.0,0.57
2024-07-07 15:00,Шымкент,6,43.8,4447.01,6.84,4.4,44.01,8.91,0,none,нанофильтрация,0.81,638,0,2500,5.0,0.57
2024-07-07 15:30,Шымкент,6,42.57,4407.18,7.32,3.47,61.7,8.6,0,none,нанофильтрация,0.7,279,1,2500,5.0,0.71
2024-07-07 16:00,Солтүстік Қазақстан,4,14.19,1460.57,7.24,5.5,57.72,1.89,0,none,кері осмос,0.89,380,0,800,5.0,0.56
2024-07-07 16:30,Шымкент,6,29.98,5707.28,7.13,3.65,62.95,10.0,0,none,кері осмос,0.85,178,0,2500,5.0,0.55
2024-07-07 17:00,Маңғыстау,0,32.9,9202.65,7.01,3.27,99.75,10.0,0,none,нанофильтрация,0.9,141,0,5000,5.0,0.55
2024-07-07 17:30,Солтүстік Қазақстан,4,9.91,1696.07,7.35,5.47,45.17,2.44,0,none,нанофильтрация,0.93,167,0,800,5.0,0.55
2024-07-07 18:00,Жамбыл,5,27.81,3233.14,7.24,4.63,46.41,6.77,0,none,кері осмос,0.87,631,0,2000,5.0,0.57
2024-07-07 18:30,Солтүстік Қазақстан,4,12.43,2804.3,7.7,4.18,48.51,4.4,0,none,нанофильтрация,0.83,572,0,800,5.0,0.57
2024-07-07 19:00,Алматы,2,16.85,1600.14,7.53,2.82,80.57,2.31,0,none,нанофильтрация,0.87,707,0,1000,4.76,0.55
2024-07-07 19:30,Маңғыстау,0,28.88,10602.07,6.62,4.68,51.19,10.0,0,none,кері осмос,0.9,458,0,5000,5.0,0.56
2024-07-07 20:00,Павлодар,9,24.17,3003.14,7.63,2.82,52.23,5.45,0,none,нанофильтрация,0.86,246,0,1500,4.88,0.54
2024-07-07 20:30,Солтүстік Қазақстан,4,12.5,2094.96,7.67,5.88,70.77,3.0,0,none,нанофильтрация,0.84,491,0,800,5.0,0.56
2024-07-07 21:00,Атырау,3,35.42,9457.9,7.17,4.31,47.39,10.0,0,none,кері осмос,0.74,461,0,4000,5.0,0.56
2024-07-07 21:30,Жамбыл,5,33.29,2735.37,7.27,4.98,64.16,5.41,0,none,нанофильтрация,0.93,157,0,2000,5.0,0.55
2024-07-07 22:00,Алматы,2,16.09,2640.47,7.19,4.42,49.41,4.64,0,none,нанофильтрация,0.77,200,0,1000,5.0,0.56
2024-07-07 22:30,Ақтөбе,7,14.0,3801.97,6.57,3.9,37.01,6.5,0,none,нанофильтрация,0.8,487,0,1800,5.0,0.56
2024-07-07 23:00,Жамбыл,5,33.19,4002.55,7.13,2.0,60.41,7.2,0,none,нанофильтрация,0.87,486,0,2000,3.1,0.37
2024-07-07 23:30,Қызылорда,1,23.67,7805.83,4.63,3.88,86.16,10.0,1,low_ph,кері осмос,0.79,483,0,3000,5.0,0.56
2024-07-08 00:00,Шымкент,6,28.09,4993.07,6.79,2.91,47.51,9.95,0,none,нанофильтрация,0.84,285,0,2500,5.0,0.56
2024-07-08 00:30,Жамбыл,5,25.61,4053.76,7.66,4.26,78.86,7.22,0,none,кері осмос,0.91,635,0,2000,5.0,0.57
2024-07-08 01:00,Солтүстік Қазақстан,4,10.21,2144.72,7.21,4.37,74.79,3.7,0,none,нанофильтрация,0.75,216,0,800,5.0,0.56
2024-07-08 01:30,Солтүстік Қазақстан,4,16.59,1827.46,7.43,4.43,25.32,2.69,0,none,нанофильтрация,0.87,312,0,800,5.0,0.56
2024-07-08 02:00,Жамбыл,5,24.72,3152.84,7.18,3.87,38.65,5.81,0,none,кері осмос,0.83,119,0,2000,5.0,0.55
2024-07-08 02:30,Маңғыстау,0,40.8,15834.58,6.13,4.16,39.23,10.0,1,high_salinity,кері осмос,0.77,465,0,5000,5.0,0.56
2024-07-08 03:00,Жамбыл,5,18.62,3574.55,7.05,3.46,24.96,6.52,0,none,нанофильтрация,0.83,59,0,2000,5.0,0.55
2024-07-08 03:30,Қызылорда,1,31.91,7714.95,7.25,4.21,53.75,10.0,0,none,нанофильтрация,0.88,579,0,3000,5.0,0.57
2024-07-08 04:00,Солтүстік Қазақстан,4,18.12,1624.7,7.69,4.93,46.08,2.16,0,none,нанофильтрация,0.92,329,0,800,5.0,0.56
2024-07-08 04:30,Маңғыстау,0,35.82,11019.26,6.84,5.14,105.63,10.0,0,none,нанофильтрация,0.82,167,0,5000,5.0,0.55
2024-07-08 05:00,Ақтөбе,7,28.01,4656.83,7.38,5.82,65.91,8.9,0,none,кері осмос,0.88,415,0,1800,5.0,0.56
2024-07-08 05:30,Түркістан,8,25.89,6361.46,7.35,4.45,83.21,10.0,0,none,кері осмос,0.79,403,0,3000,5.0,0.56
2024-07-08 06:00,Түркістан,8,23.76,5841.89,7.54,5.2,59.22,10.0,0,none,кері осмос,0.83,230,0,3000,5.0,0.56
2024-07-08 06:30,Алматы,2,21.21,2683.08,7.5,5.5,58.82,4.89,0,none,нанофильтрация,0.94,415,0,1000,5.0,0.56
2024-07-08 07:00,Ақтөбе,7,24.28,6275.26,7.25,4.68,44.04,10.0,1,high_salinity,нанофильтрация,0.88,361,0,1800,5.0,0.56
2024-07-08 07:30,Солтүстік Қазақстан,4,23.08,2374.51,7.7,6.15,76.84,4.66,0,none,кері осмос,0.81,429,0,800,5.0,0.56
2024-07-08 08:00,Ақтөбе,7,24.87,4799.02,6.83,2.73,74.17,9.19,0,none,нанофильтрация,0.81,401,0,1800,4.84,0.54
2024-07-08 08:30,Жамбыл,5,33.15,3212.25,6.93,4.66,62.46,6.84,0,none,кері осмос,0.9,540,0,2000,5.0,0.56
2024-07-08 09:00,Түркістан,8,29.61,6151.93,7.09,3.94,54.24,10.0,0,none,нанофильтрация,0.92,557,0,3000,5.0,0.57
2024-07-08 09:30,Маңғыстау,0,33.56,10552.81,6.73,3.03,84.12,10.0,0,none,кері осмос,0.91,58,0,5000,5.0,0.55
2024-07-08 10:00,Қызылорда,1,34.33,7463.74,6.8,5.2,47.51,10.0,0,none,нанофильтрация,0.86,217,0,3000,5.0,0.56
2024-07-08 10:30,Қызылорда,1,36.54,6179.04,6.93,3.85,84.78,10.0,0,none,нанофильтрация,0.95,656,0,3000,5.0,0.57
2024-07-08 11:00,Павлодар,9,9.72,3958.29,7.93,5.09,34.59,6.77,0,none,нанофильтрация,0.95,398,0,1500,5.0,0.56
2024-07-08 11:30,Жамбыл,5,24.2,4194.44,7.08,6.45,71.97,8.03,0,none,кері осмос,0.8,681,0,2000,5.0,0.57
2024-07-08 12:00,Павлодар,9,23.33,2634.18,7.66,3.63,92.57,5.05,0,none,кері осмос,0.84,552,0,1500,5.0,0.57
2024-07-08 12:30,Түркістан,8,28.41,6499.75,6.59,5.35,57.18,10.0,0,none,кері осмос,0.92,193,0,3000,5.0,0.56
2024-07-08 13:00,Атырау,3,29.81,9268.2,7.35,5.86,89.63,10.0,0,none,кері осмос,0.74,349,0,4000,5.0,0.56
2024-07-08 13:30,Павлодар,9,30.09,3556.52,7.23,3.42,89.02,6.42,0,none,кері осмос,0.94,702,0,1500,5.0,0.57
2024-07-08 14:00,Алматы,2,28.48,3749.03,7.61,4.69,80.54,6.94,0,none,нанофильтрация,0.91,664,0,1000,5.0,0.57
2024-07-08 14:30,Алматы,2,18.93,2622.72,7.34,5.42,53.51,5.01,0,none,кері осмос,0.9,450,0,1000,5.0,0.56
2024-07-08 15:00,Алматы,2,17.36,3812.87,7.13,4.94,71.4,6.96,0,none,кері осмос,0.86,286,0,1000,5.0,0.56
2024-07-08 15:30,Атырау,3,41.63,8402.35,6.32,3.62,70.57,10.0,0,none,кері осмос,0.91,452,0,4000,5.0,0.56
2024-07-08 16:00,Солтүстік Қазақстан,4,18.92,1091.19,7.82,4.62,48.21,1.63,0,none,кері осмос,0.84,450,0,800,5.0,0.56
2024-07-08 16:30,Түркістан,8,33.5,6632.66,6.94,3.76,44.7,10.0,0,none,кері осмос,0.85,479,0,3000,5.0,0.56
2024-07-08 17:00,Ақтөбе,7,24.97,4413.35,7.19,6.55,77.78,8.26,0,none,нанофильтрация,0.88,294,0,1800,5.0,0.56
2024-07-08 17:30,Қызылорда,1,36.39,7606.28,7.33,4.04,16.47,10.0,0,none,кері осмос,0.89,152,0,3000,5.0,0.55
2024-07-08 18:00,Павлодар,9,15.73,3173.41,7.1,2.0,101.06,5.24,0,none,кері осмос,0.9,369,0,1500,5.0,0.56
2024-07-08 18:30,Түркістан,8,39.91,8000.43,6.89,3.78,72.17,10.0,0,none,кері осмос,0.88,437,0,3000,5.0,0.56
2024-07-08 19:00,Маңғыстау,0,38.02,9111.07,6.45,5.08,74.9,10.0,0,none,кері осмос,0.8,200,0,5000,5.0,0.56
2024-07-08 19:30,Шымкент,6,24.4,4377.04,7.18,4.12,50.59,8.44,0,none,кері осмос,0.92,497,0,2500,5.0,0.56
2024-07-08 20:00,Ақтөбе,7,15.3,3328.59,7.26,4.62,49.45,5.46,0,none,кері осмос,0.87,399,0,1800,5.0,0.56
2024-07-08 20:30,Павлодар,9,20.55,4118.22,7.53,4.88,83.88,7.51,0,none,кері осмос,0.79,43,0,1500,5.0,0.55
2024-07-08 21:00,Павлодар,9,16.19,2891.55,7.61,4.0,91.98,4.92,0,none,нанофильтрация,0.91,721,0,1500,5.0,0.57
2024-07-08 21:30,Жамбыл,5,20.38,3630.25,7.64,2.5,70.05,6.75,0,none,кері осмос,0.73,339,0,2000,5.0,0.56
2024-07-08 22:00,Солтүстік Қазақстан,4,25.89,811.98,7.93,4.28,39.97,0.75,0,none,нанофильтрация,0.78,372,0,800,5.0,0.56
2024-07-08 22:30,Қызылорда,1,33.09,6719.21,6.78,4.74,111.4,10.0,0,none,нанофильтрация,0.78,495,0,3000,5.0,0.56
2024-07-08 23:00,Түркістан,8,31.04,6378.06,7.11,5.57,43.6,10.0,0,none,нанофильтрация,0.79,325,0,3000,5.0,0.56
2024-07-08 23:30,Ақтөбе,7,18.23,4078.5,7.78,3.17,23.05,7.13,0,none,нанофильтрация,0.86,527,0,1800,5.0,0.56
2024-07-09 00:00,Ақтөбе,7,12.83,3692.68,7.16,4.69,39.32,6.94,0,none,нанофильтрация,0.81,373,0,1800,5.0,0.56
2024-07-09 00:30,Жамбыл,5,16.38,3879.88,7.31,5.47,64.49,7.17,0,none,кері осмос,0.9,54,0,2000,5.0,0.55
2024-07-09 01:00,Жамбыл,5,19.07,3350.83,7.07,3.77,38.68,6.38,0,none,нанофильтрация,0.95,663,0,2000,5.0,0.57
2024-07-09 01:30,Ақтөбе,7,25.46,4339.64,7.45,5.35,54.92,8.63,0,none,кері осмос,0.85,410,0,1800,5.0,0.56
2024-07-09 02:00,Қызылорда,1,36.86,7285.59,7.41,6.21,75.08,10.0,0,none,кері осмос,0.87,650,0,3000,5.0,0.57
2024-07-09 02:30,Жамбыл,5,16.84,3631.65,7.36,4.3,43.52,6.34,0,none,нанофильтрация,0.81,538,0,2000,5.0,0.56
2024-07-09 03:00,Павлодар,9,13.13,4457.22,7.26,4.66,72.75,7.64,0,none,нанофильтрация,0.77,226,0,1500,5.0,0.56
2024-07-09 03:30,Қызылорда,1,32.42,7179.51,7.27,5.96,60.44,10.0,0,none,кері осмос,0.78,727,0,3000,5.0,0.57
2024-07-09 04:00,Шымкент,6,31.72,5592.87,7.19,4.92,68.92,10.0,0,none,нанофильтрация,0.82,576,0,2500,5.0,0.57
2024-07-09 04:30,Солтүстік Қазақстан,4,7.12,1155.81,7.06,4.47,43.78,1.44,0,none,нанофильтрация,0.79,529,0,800,5.0,0.56
2024-07-09 05:00,Павлодар,9,23.43,2829.61,7.55,4.11,77.66,4.95,0,none,нанофильтрация,0.86,360,0,1500,5.0,0.56
2024-07-09 05:30,Ақтөбе,7,27.05,3663.15,7.21,4.81,84.06,7.32,0,none,кері осмос,0.89,357,0,1800,5.0,0.56
2024-07-09 06:00,Түркістан,8,36.66,6370.38,7.2,4.71,46.88,10.0,0,none,кері осмос,0.92,266,0,3000,5.0,0.56
2024-07-09 06:30,Павлодар,9,24.98,4333.91,6.89,4.15,63.57,7.74,0,none,кері осмос,0.91,719,0,1500,5.0,0.57
2024-07-09 07:00,Түркістан,8,31.11,5890.83,6.45,4.91,64.39,10.0,0,none,нанофильтрация,0.83,657,0,3000,5.0,0.57
2024-07-09 07:30,Павлодар,9,8.94,3116.37,7.3,4.67,32.29,5.19,0,none,нанофильтрация,0.89,416,0,1500,5.0,0.56
2024-07-09 08:00,Павлодар,9,27.91,3196.85,7.31,3.34,62.16,5.56,0,none,нанофильтрация,0.84,579,0,1500,5.0,0.57
2024-07-09 08:30,Солтүстік Қазақстан,4,16.12,500.0,7.41,5.48,11.46,0.48,0,none,кері осмос,0.81,51,0,800,5.0,0.55
2024-07-09 09:00,Солтүстік Қазақстан,4,15.54,856.78,7.28,4.58,93.02,0.42,0,none,нанофильтрация,0.89,354,0,800,5.0,0.56
2024-07-09 09:30,Алматы,2,27.66,4038.89,7.28,3.65,23.72,7.73,0,none,нанофильтрация,0.86,703,0,1000,5.0,0.57
2024-07-09 10:00,Шымкент,6,29.61,5120.34,6.88,3.39,30.21,10.0,0,none,кері осмос,0.92,134,0,2500,5.0,0.55
2024-07-09 10:30,Маңғыстау,0,32.67,9861.13,6.79,4.69,93.24,10.0,0,none,кері осмос,0.83,200,0,5000,5.0,0.56
2024-07-09 11:00,Шымкент,6,38.32,5266.42,7.18,4.79,59.78,10.0,0,none,кері осмос,0.81,222,0,2500,5.0,0.56
2024-07-09 11:30,Жамбыл,5,22.54,3678.33,7.59,4.6,66.23,7.02,0,none,кері осмос,0.84,725,0,2000,5.0,0.57
2024-07-09 12:00,Павлодар,9,8.01,2611.73,7.06,4.71,33.48,3.71,0,none,нанофильтрация,0.82,315,0,1500,5.0,0.56
2024-07-09 12:30,Алматы,2,27.28,3464.96,7.64,3.62,78.18,6.14,0,none,нанофильтрация,0.87,469,0,1000,5.0,0.56
2024-07-09 13:00,Қызылорда,1,27.2,7458.64,7.49,5.03,51.75,10.0,0,none,кері осмос,0.86,709,0,3000,5.0,0.57
2024-07-09 13:30,Ақтөбе,7,32.06,4101.04,7.25,4.72,81.11,8.72,0,none,нанофильтрация,0.85,481,0,1800,5.0,0.56
2024-07-09 14:00,Атырау,3,39.92,9208.92,6.62,4.93,80.38,10.0,0,none,нанофильтрация,0.94,530,0,4000,5.0,0.56
2024-07-09 14:30,Шымкент,6,27.72,5498.63,7.45,5.45,60.67,10.0,0,none,кері осмос,0.94,638,0,2500,5.0,0.57
2024-07-09 15:00,Павлодар,9,20.56,3624.37,7.65,3.79,102.02,6.56,0,none,нанофильтрация,0.93,343,0,1500,5.0,0.56
2024-07-09 15:30,Маңғыстау,0,41.81,9685.21,6.72,7.1,84.75,10.0,1,pressure_spike,кері осмос,0.87,155,0,5000,5.0,0.55
2024-07-09 16:00,Маңғыстау,0,40.59,10432.93,7.19,5.95,63.23,10.0,0,none,кері осмос,0.81,216,0,5000,5.0,0.56
2024-07-09 16:30,Атырау,3,39.63,9830.65,6.9,4.36,32.08,10.0,0,none,нанофильтрация,0.88,195,0,4000,5.0,0.56
2024-07-09 17:00,Солтүстік Қазақстан,4,17.79,2189.43,7.18,3.21,48.4,3.89,0,none,нанофильтрация,0.82,302,0,800,5.0,0.56
2024-07-09 17:30,Шымкент,6,38.69,6092.17,7.62,6.67,50.6,10.0,0,none,кері осмос,0.83,130,0,2500,5.0,0.55
2024-07-09 18:00,Атырау,3,26.95,9350.43,6.97,6.0,95.19,10.0,0,none,кері осмос,0.84,184,0,4000,5.0,0.56
2024-07-09 18:30,Жамбыл,5,33.63,3350.38,6.71,3.7,58.72,6.67,0,none,кері осмос,0.88,722,0,2000,5.0,0.57
2024-07-09 19:00,Маңғыстау,0,33.09,9272.44,6.83,5.28,73.15,10.0,0,none,кері осмос,0.87,75,0,5000,5.0,0.55
2024-07-09 19:30,Қызылорда,1,29.72,7577.78,7.06,3.99,48.91,10.0,0,none,нанофильтрация,0.95,186,0,3000,5.0,0.56
2024-07-09 20:00,Павлодар,9,21.23,3045.45,7.2,4.14,110.49,5.4,0,none,нанофильтрация,0.85,465,0,1500,5.0,0.56
2024-07-09 20:30,Солтүстік Қазақстан,4,22.5,967.35,8.04,5.11,82.86,1.53,0,none,кері осмос,0.91,690,0,800,5.0,0.57
2024-07-09 21:00,Жамбыл,5,27.36,6402.58,7.02,5.87,73.17,10.0,1,high_salinity,кері осмос,0.76,538,0,2000,5.0,0.56
2024-07-09 21:30,Ақтөбе,7,19.52,4750.66,7.28,3.29,32.95,8.87,0,none,нанофильтрация,0.87,594,0,1800,5.0,0.57
2024-07-09 22:00,Қызылорда,1,26.09,6625.09,7.06,4.78,96.76,10.0,0,none,кері осмос,0.79,558,0,3000,5.0,0.57
2024-07-09 22:30,Шымкент,6,35.09,5401.21,7.22,4.72,38.27,10.0,0,none,нанофильтрация,0.81,681,0,2500,5.0,0.57
2024-07-09 23:00,Шымкент,6,37.43,5177.48,7.14,4.43,87.42,10.0,0,none,нанофильтрация,0.9,150,0,2500,5.0,0.55
2024-07-09 23:30,Атырау,3,37.96,9464.95,6.64,4.84,82.32,10.0,0,none,кері осмос,0.93,681,0,4000,5.0,0.57
2024-07-10 00:00,Түркістан,8,29.83,6681.89,6.97,6.23,44.51,10.0,0,none,нанофильтрация,0.77,690,0,3000,5.0,0.57
2024-07-10 00:30,Атырау,3,35.32,8869.36,7.09,4.63,76.99,10.0,0,none,нанофильтрация,0.83,475,1,4000,5.0,0.71
2024-07-10 01:00,Алматы,2,19.25,3884.46,7.36,4.41,28.09,7.05,0,none,нанофильтрация,0.81,381,0,1000,5.0,0.56
2024-07-10 01:30,Атырау,3,37.08,9045.37,7.09,4.46,88.97,10.0,0,none,кері осмос,0.84,86,0,4000,5.0,0.55
2024-07-10 02:00,Қызылорда,1,35.35,7037.48,6.64,4.45,48.96,10.0,0,none,кері осмос,0.93,651,0,3000,5.0,0.57
2024-07-10 02:30,Ақтөбе,7,15.63,4263.08,7.29,5.45,23.47,7.57,0,none,нанофильтрация,0.86,630,0,1800,5.0,0.57
2024-07-10 03:00,Павлодар,9,15.64,3821.19,7.58,4.97,55.57,6.65,1,high_salinity,нанофильтрация,0.85,86,0,1500,5.0,0.55
2024-07-10 03:30,Павлодар,9,10.41,2988.25,6.99,7.65,67.22,5.17,1,pressure_spike,нанофильтрация,0.86,137,0,1500,5.0,0.55
2024-07-10 04:00,Жамбыл,5,27.61,3924.49,7.46,4.7,39.8,7.93,0,none,нанофильтрация,0.82,426,0,2000,5.0,0.56
2024-07-10 04:30,Алматы,2,13.23,2935.47,6.99,3.93,63.79,4.67,0,none,нанофильтрация,0.86,445,0,1000,5.0,0.56
2024-07-10 05:00,Солтүстік Қазақстан,4,12.71,2248.97,7.01,3.04,53.49,3.43,0,none,нанофильтрация,0.91,490,0,800,5.0,0.56
2024-07-10 05:30,Жамбыл,5,23.23,3431.08,7.15,4.54,58.82,6.41,0,none,нанофильтрация,0.82,386,0,2000,5.0,0.56
2024-07-10 06:00,Ақтөбе,7,21.06,4909.33,7.65,4.29,33.48,9.15,0,none,кері осмос,0.92,104,0,1800,5.0,0.55
2024-07-10 06:30,Солтүстік Қазақстан,4,20.61,1118.77,7.53,3.97,57.36,1.19,0,none,кері осмос,0.85,624,0,800,5.0,0.57
2024-07-10 07:00,Қызылорда,1,27.06,8218.21,7.47,4.91,73.26,10.0,0,none,нанофильтрация,0.95,255,0,3000,5.0,0.56
2024-07-10 07:30,Ақтөбе,7,21.89,3181.72,4.85,5.17,57.09,6.29,1,low_ph,нанофильтрация,0.83,542,0,1800,5.0,0.56
2024-07-10 08:00,Маңғыстау,0,37.92,11360.61,7.25,6.03,46.38,10.0,0,none,кері осмос,0.86,590,0,5000,5.0,0.57
2024-07-10 08:30,Атырау,3,31.26,9409.1,7.01,4.8,77.83,10.0,0,none,кері осмос,0.85,409,0,4000,5.0,0.56
2024-07-10 09:00,Алматы,2,20.54,2359.62,7.4,5.96,56.91,4.34,0,none,нанофильтрация,0.89,532,0,1000,5.0,0.56
2024-07-10 09:30,Жамбыл,5,21.75,4077.53,7.07,5.34,61.43,7.5,0,none,нанофильтрация,0.72,66,0,2000,5.0,0.55
2024-07-10 10:00,Алматы,2,15.19,3041.83,7.06,3.11,56.79,4.87,0,none,кері осмос,0.83,575,0,1000,5.0,0.57
2024-07-10 10:30,Ақтөбе,7,19.58,3977.23,7.22,3.92,44.57,7.39,0,none,нанофильтрация,0.79,157,0,1800,5.0,0.55
2024-07-10 11:00,Жамбыл,5,22.79,3791.3,6.92,3.32,98.69,7.32,0,none,кері осмос,0.84,407,0,2000,5.0,0.56
2024-07-10 11:30,Шымкент,6,36.7,5112.7,7.4,4.48,61.33,10.0,0,none,нанофильтрация,0.82,54,0,2500,5.0,0.55
2024-07-10 12:00,Маңғыстау,0,32.8,9944.51,6.53,3.79,62.99,10.0,0,none,нанофильтрация,0.84,84,0,5000,5.0,0.55
2024-07-10 12:30,Қызылорда,1,29.68,7207.26,6.87,3.36,70.48,10.0,0,none,кері осмос,0.91,304,0,3000,5.0,0.56
2024-07-10 13:00,Шымкент,6,24.28,4896.46,6.71,5.48,78.07,10.0,0,none,кері осмос,0.95,577,0,2500,5.0,0.57
2024-07-10 13:30,Павлодар,9,13.08,3161.49,7.11,4.26,43.14,5.42,0,none,нанофильтрация,0.87,373,0,1500,5.0,0.56
2024-07-10 14:00,Павлодар,9,21.28,2890.08,7.61,3.69,71.84,5.27,0,none,нанофильтрация,0.81,408,1,1500,5.0,0.71
2024-07-10 14:30,Солтүстік Қазақстан,4,19.02,3167.73,7.29,4.92,81.14,5.47,0,none,нанофильтрация,0.86,508,0,800,5.0,0.56
2024-07-10 15:00,Шымкент,6,33.16,5698.58,7.09,5.18,54.16,10.0,0,none,кері осмос,0.85,233,0,2500,5.0,0.56
2024-07-10 15:30,Қызылорда,1,28.03,6892.74,7.02,4.28,54.55,10.0,0,none,кері осмос,0.86,164,0,3000,5.0,0.55
2024-07-10 16:00,Жамбыл,5,24.27,3057.44,6.64,4.76,60.92,5.5,0,none,нанофильтрация,0.89,508,0,2000,5.0,0.56
2024-07-10 16:30,Түркістан,8,26.13,4913.79,7.3,4.5,45.59,8.97,0,none,кері осмос,0.77,107,0,3000,5.0,0.55
2024-07-10 17:00,Түркістан,8,38.94,5896.11,7.27,4.47,44.64,10.0,0,none,кері осмос,0.81,33,0,3000,5.0,0.55
2024-07-10 17:30,Алматы,2,25.93,3010.42,6.94,4.53,31.33,5.35,0,none,нанофильтрация,0.74,197,0,1000,5.0,0.56
2024-07-10 18:00,Ақтөбе,7,21.64,4234.05,7.12,4.0,46.8,8.11,1,membrane_fouling,кері осмос,0.61,377,0,1800,5.0,0.56
2024-07-10 18:30,Алматы,2,18.0,2096.55,7.83,4.14,73.63,2.65,0,none,кері осмос,0.79,297,0,1000,5.0,0.56
2024-07-10 19:00,Қызылорда,1,30.33,7428.31,6.59,3.78,70.98,10.0,0,none,кері осмос,0.94,608,0,3000,5.0,0.57
2024-07-10 19:30,Түркістан,8,28.27,5400.69,7.19,3.29,36.93,10.0,0,none,кері осмос,0.81,425,0,3000,5.0,0.56
2024-07-10 20:00,Павлодар,9,23.52,3604.87,7.46,4.78,43.51,7.11,0,none,кері осмос,0.86,81,0,1500,5.0,0.55
2024-07-10 20:30,Алматы,2,27.0,2903.91,6.71,4.49,50.59,4.9,0,none,нанофильтрация,0.77,329,0,1000,5.0,0.56
2024-07-10 21:00,Павлодар,9,10.13,3783.26,7.36,4.88,82.16,6.36,0,none,нанофильтрация,0.83,579,0,1500,5.0,0.57
2024-07-10 21:30,Ақтөбе,7,24.44,2272.44,7.24,3.38,89.17,4.27,0,none,кері осмос,0.84,58,0,1800,5.0,0.55
2024-07-10 22:00,Атырау,3,41.57,9642.38,7.34,3.71,66.97,10.0,0,none,нанофильтрация,0.84,80,0,4000,5.0,0.55
2024-07-10 22:30,Ақтөбе,7,29.5,3701.3,7.22,5.53,46.11,7.29,0,none,кері осмос,0.77,114,0,1800,5.0,0.55
2024-07-10 23:00,Ақтөбе,7,22.56,4921.82,6.88,5.63,78.92,9.21,0,none,нанофильтрация,0.8,300,0,1800,5.0,0.56
2024-07-10 23:30,Павлодар,9,25.39,2960.3,7.24,5.37,43.95,6.43,0,none,нанофильтрация,0.85,467,0,1500,5.0,0.56
2024-07-11 00:00,Солтүстік Қазақстан,4,8.47,1741.92,7.49,6.24,47.9,2.27,0,none,нанофильтрация,0.79,477,0,800,5.0,0.56
2024-07-11 00:30,Шымкент,6,31.64,5296.06,7.94,5.24,82.17,10.0,0,none,нанофильтрация,0.89,531,0,2500,5.0,0.56
2024-07-11 01:00,Павлодар,9,7.14,3939.8,7.33,5.64,65.77,6.42,0,none,кері осмос,0.79,540,0,1500,5.0,0.56
2024-07-11 01:30,Ақтөбе,7,16.21,4394.55,7.38,5.21,73.45,8.36,0,none,нанофильтрация,0.87,71,0,1800,5.0,0.55
2024-07-11 02:00,Қызылорда,1,37.37,6662.16,7.27,6.18,84.86,10.0,0,none,нанофильтрация,0.89,628,0,3000,5.0,0.57
2024-07-11 02:30,Қызылорда,1,37.16,8586.58,6.91,4.44,73.12,10.0,0,none,кері осмос,0.88,245,0,3000,5.0,0.56
2024-07-11 03:00,Солтүстік Қазақстан,4,9.81,2102.42,7.14,5.29,60.03,3.02,0,none,нанофильтрация,0.87,236,0,800,5.0,0.56
2024-07-11 03:30,Шымкент,6,34.1,6106.43,7.0,2.83,64.58,10.0,0,none,кері осмос,0.85,511,0,2500,5.0,0.56
2024-07-11 04:00,Ақтөбе,7,16.05,6094.48,7.35,5.12,65.31,10.0,1,high_salinity,нанофильтрация,0.88,57,0,1800,5.0,0.55
2024-07-11 04:30,Шымкент,6,29.3,3996.88,6.95,4.53,32.33,8.27,0,none,кері осмос,0.74,138,0,2500,5.0,0.55
2024-07-11 05:00,Атырау,3,32.13,10058.08,7.34,3.25,75.28,10.0,0,none,кері осмос,0.85,365,0,4000,5.0,0.56
2024-07-11 05:30,Атырау,3,28.81,14701.63,7.64,4.19,50.59,10.0,1,high_salinity,кері осмос,0.83,543,0,4000,5.0,0.56
2024-07-11 06:00,Жамбыл,5,28.72,2816.59,6.71,5.46,44.53,5.52,0,none,нанофильтрация,0.86,678,0,2000,5.0,0.57
2024-07-11 06:30,Солтүстік Қазақстан,4,12.89,1806.02,6.93,3.52,72.95,2.79,0,none,нанофильтрация,0.9,289,0,800,5.0,0.56
2024-07-11 07:00,Алматы,2,17.0,1807.89,7.84,3.69,64.39,2.49,0,none,нанофильтрация,0.89,342,0,1000,5.0,0.56
2024-07-11 07:30,Павлодар,9,27.31,2512.49,7.3,5.27,52.11,4.59,0,none,кері осмос,0.87,586,0,1500,5.0,0.57
2024-07-11 08:00,Солтүстік Қазақстан,4,9.8,2335.35,7.13,3.83,55.57,4.19,0,none,кері осмос,0.79,170,0,800,5.0,0.55
2024-07-11 08:30,Павлодар,9,23.73,3776.07,7.01,3.55,45.35,6.92,0,none,нанофильтрация,0.85,359,0,1500,5.0,0.56
2024-07-11 09:00,Солтүстік Қазақстан,4,19.47,1731.81,7.15,4.63,60.2,2.8,0,none,кері осмос,0.92,594,0,800,5.0,0.57
2024-07-11 09:30,Атырау,3,38.83,9202.18,6.74,5.25,53.97,10.0,0,none,кері осмос,0.85,585,0,4000,5.0,0.57
